{
  "rmse_levels": [
    0,
    10,
    20,
    30
  ],
  "cascade_rates": [
    0.24,
    0.24,
    0.24,
    0.24
  ],
  "load_sheds": [
    0.09953980051344072,
    0.10536110401785528,
    0.11728801352325709,
    0.0995397963225732
  ]
}